Year,Game,Genre,Earnings,Players,Tournaments
1998,QuakeWorld,First-Person Shooter,43500.0,12,3
2001,QuakeWorld,First-Person Shooter,15000,8,1
2008,QuakeWorld,First-Person Shooter,2775.07,0,1
2012,QuakeWorld,First-Person Shooter,255.66,1,1
2015,QuakeWorld,First-Person Shooter,55.09,1,1
2016,QuakeWorld,First-Person Shooter,25000,16,1
2017,QuakeWorld,First-Person Shooter,5000,3,1
2018,QuakeWorld,First-Person Shooter,1042.22,9,3
2019,QuakeWorld,First-Person Shooter,1200,1,1
1998,Quake II,First-Person Shooter,66200.0,22,4
1999,Quake II,First-Person Shooter,42400.0,13,2
2005,Quake II,First-Person Shooter,20000,3,1
2017,Quake II,First-Person Shooter,10000,3,1
2018,Quake II,First-Person Shooter,379.5,2,1
2019,Quake II,First-Person Shooter,1200,1,1
1998,StarCraft: Brood War,Strategy,20000,8,1
1999,StarCraft: Brood War,Strategy,139553.84,50,11
2000,StarCraft: Brood War,Strategy,133038.04,57,10
2001,StarCraft: Brood War,Strategy,91893.99,67,9
2002,StarCraft: Brood War,Strategy,132944.26,55,10
2003,StarCraft: Brood War,Strategy,276838.39,181,16
2004,StarCraft: Brood War,Strategy,498433.15,163,16
2005,StarCraft: Brood War,Strategy,592759.49,150,28
2006,StarCraft: Brood War,Strategy,809030.24,291,41
2007,StarCraft: Brood War,Strategy,1049963.19,237,37
2008,StarCraft: Brood War,Strategy,1049976.45,366,26
2009,StarCraft: Brood War,Strategy,708775.32,246,51
2010,StarCraft: Brood War,Strategy,628499.64,205,15
2011,StarCraft: Brood War,Strategy,423063.87,202,37
2012,StarCraft: Brood War,Strategy,106816.29,82,31
2013,StarCraft: Brood War,Strategy,65259.28,103,35
2014,StarCraft: Brood War,Strategy,53601.35,57,16
2015,StarCraft: Brood War,Strategy,153783.67,168,55
2016,StarCraft: Brood War,Strategy,75767.76,54,13
2017,StarCraft: Brood War,Strategy,369062.94,214,56
2018,StarCraft: Brood War,Strategy,434890.36,210,33
2019,StarCraft: Brood War,Strategy,302457.08,142,15
1998,Age of Empires,Strategy,2000,1,1
2000,Age of Empires,Strategy,9500,4,1
2002,Age of Empires,Strategy,100,3,1
2003,Age of Empires,Strategy,625,4,1
2006,Age of Empires,Strategy,289.25,25,2
2009,Age of Empires,Strategy,880,16,1
2010,Age of Empires,Strategy,308,18,1
2011,Age of Empires,Strategy,3727.63,35,5
2013,Age of Empires,Strategy,1716.0,33,3
2014,Age of Empires,Strategy,3740.0,35,3
2015,Age of Empires,Strategy,12939.0,45,9
2016,Age of Empires,Strategy,62321.8,174,20
2017,Age of Empires,Strategy,27588.21,109,14
2018,Age of Empires,Strategy,41426.72,151,21
2019,Age of Empires,Strategy,10960.0,30,11
1999,Descent 3,First-Person Shooter,50000,1,1
1999,Quake III Arena,First-Person Shooter,43200.0,18,2
2000,Quake III Arena,First-Person Shooter,415237.82,160,28
2001,Quake III Arena,First-Person Shooter,147736.74,63,14
2002,Quake III Arena,First-Person Shooter,102206.4,25,4
2003,Quake III Arena,First-Person Shooter,95463.46,30,6
2004,Quake III Arena,First-Person Shooter,111500.0,40,4
2005,Quake III Arena,First-Person Shooter,56673.87,28,8
2006,Quake III Arena,First-Person Shooter,83813.76,60,6
2007,Quake III Arena,First-Person Shooter,5789.26,20,3
2008,Quake III Arena,First-Person Shooter,65619.7,36,12
2009,Quake III Arena,First-Person Shooter,10591.18,30,7
2000,Age of Empires II,Strategy,113768.3,42,16
2001,Age of Empires II,Strategy,160541.29,61,17
2002,Age of Empires II,Strategy,92866.0,63,28
2003,Age of Empires II,Strategy,27697.02,70,21
2004,Age of Empires II,Strategy,45565.2,137,15
2005,Age of Empires II,Strategy,40816.91,84,13
2006,Age of Empires II,Strategy,25332.54,66,5
2007,Age of Empires II,Strategy,21077.9,52,5
2008,Age of Empires II,Strategy,14988.36,29,7
2009,Age of Empires II,Strategy,10134.84,11,2
2010,Age of Empires II,Strategy,16973.75,27,5
2011,Age of Empires II,Strategy,10458.41,34,5
2012,Age of Empires II,Strategy,24642.94,71,6
2013,Age of Empires II,Strategy,32780.27,69,5
2014,Age of Empires II,Strategy,54308.71,164,21
2015,Age of Empires II,Strategy,203086.83,403,14
2016,Age of Empires II,Strategy,51096.14,206,30
2017,Age of Empires II,Strategy,97838.43,303,44
2018,Age of Empires II,Strategy,64796.33,234,59
2019,Age of Empires II,Strategy,137514.31,432,141
2000,Marvel vs. Capcom 2,Fighting Game,0,3,1
2001,Marvel vs. Capcom 2,Fighting Game,0,3,1
2002,Marvel vs. Capcom 2,Fighting Game,0,3,1
2003,Marvel vs. Capcom 2,Fighting Game,0,3,1
2004,Marvel vs. Capcom 2,Fighting Game,0,3,1
2005,Marvel vs. Capcom 2,Fighting Game,0,3,1
2006,Marvel vs. Capcom 2,Fighting Game,10250,8,1
2007,Marvel vs. Capcom 2,Fighting Game,10250,8,1
2008,Marvel vs. Capcom 2,Fighting Game,2610.0,10,4
2009,Marvel vs. Capcom 2,Fighting Game,90.0,6,2
2010,Marvel vs. Capcom 2,Fighting Game,130.0,6,2
2011,Marvel vs. Capcom 2,Fighting Game,15000,6,3
2014,Marvel vs. Capcom 2,Fighting Game,200.0,11,2
2015,Marvel vs. Capcom 2,Fighting Game,0.0,11,2
2016,Marvel vs. Capcom 2,Fighting Game,100,3,1
2019,Marvel vs. Capcom 2,Fighting Game,420,3,1
2000,Street Fighter Alpha 2,Fighting Game,0,3,1
2018,Street Fighter Alpha 2,Fighting Game,680.0,9,3
2019,Street Fighter Alpha 2,Fighting Game,710.0,9,3
2000,Street Fighter Alpha 3,Fighting Game,0,3,1
2001,Street Fighter Alpha 3,Fighting Game,0,3,1
2014,Street Fighter Alpha 3,Fighting Game,0,8,1
2018,Street Fighter Alpha 3,Fighting Game,300,3,1
2000,Street Fighter III: 3rd Strike,Fighting Game,0,3,1
2003,Street Fighter III: 3rd Strike,Fighting Game,0,3,1
2004,Street Fighter III: 3rd Strike,Fighting Game,0,3,1
2005,Street Fighter III: 3rd Strike,Fighting Game,0,3,1
2006,Street Fighter III: 3rd Strike,Fighting Game,10250,8,1
2007,Street Fighter III: 3rd Strike,Fighting Game,10250.0,12,2
2008,Street Fighter III: 3rd Strike,Fighting Game,2890.0,6,2
2009,Street Fighter III: 3rd Strike,Fighting Game,45,3,1
2011,Street Fighter III: 3rd Strike,Fighting Game,240,3,1
2012,Street Fighter III: 3rd Strike,Fighting Game,15780.72,21,4
2014,Street Fighter III: 3rd Strike,Fighting Game,0,11,2
2015,Street Fighter III: 3rd Strike,Fighting Game,1224.86,13,4
2017,Street Fighter III: 3rd Strike,Fighting Game,2958.36,3,2
2018,Street Fighter III: 3rd Strike,Fighting Game,1950.0,17,4
2019,Street Fighter III: 3rd Strike,Fighting Game,2809.92,22,4
2000,Super Street Fighter II Turbo,Fighting Game,0,3,1
2001,Super Street Fighter II Turbo,Fighting Game,0,3,1
2002,Super Street Fighter II Turbo,Fighting Game,0,3,1
2003,Super Street Fighter II Turbo,Fighting Game,0,3,1
2004,Super Street Fighter II Turbo,Fighting Game,0,3,1
2005,Super Street Fighter II Turbo,Fighting Game,0,3,1
2007,Super Street Fighter II Turbo,Fighting Game,10250,8,1
2008,Super Street Fighter II Turbo,Fighting Game,1770.0,6,2
2011,Super Street Fighter II Turbo,Fighting Game,820.0,11,2
2012,Super Street Fighter II Turbo,Fighting Game,0,4,1
2014,Super Street Fighter II Turbo,Fighting Game,0.0,25,4
2015,Super Street Fighter II Turbo,Fighting Game,328.69,7,2
2016,Super Street Fighter II Turbo,Fighting Game,1459.72,18,4
2017,Super Street Fighter II Turbo,Fighting Game,2760.0,21,5
2018,Super Street Fighter II Turbo,Fighting Game,2947.53,25,7
2019,Super Street Fighter II Turbo,Fighting Game,2752.11,23,6
2000,FIFA 2000,Sports,50000,4,1
2000,Counter-Strike,First-Person Shooter,23763.33,62,2
2001,Counter-Strike,First-Person Shooter,346592.44,344,13
2002,Counter-Strike,First-Person Shooter,400994.88,489,14
2003,Counter-Strike,First-Person Shooter,819377.99,901,61
2004,Counter-Strike,First-Person Shooter,899651.67,1407,89
2005,Counter-Strike,First-Person Shooter,1353441.43,1651,97
2006,Counter-Strike,First-Person Shooter,2131599.4,2071,117
2007,Counter-Strike,First-Person Shooter,1625973.48,1813,103
2008,Counter-Strike,First-Person Shooter,1651308.06,1626,113
2009,Counter-Strike,First-Person Shooter,1353400.64,1740,121
2010,Counter-Strike,First-Person Shooter,1449656.69,1778,115
2011,Counter-Strike,First-Person Shooter,879914.71,1376,84
2012,Counter-Strike,First-Person Shooter,547584.85,963,65
2013,Counter-Strike,First-Person Shooter,10080,21,1
2014,Counter-Strike,First-Person Shooter,1500,5,1
2001,Capcom vs. SNK,Fighting Game,0,3,1
2010,Capcom vs. SNK,Fighting Game,140,3,1
2001,FIFA 2001,Sports,46000,9,2
2001,Unreal Tournament,First-Person Shooter,46000,9,2
2002,Unreal Tournament,First-Person Shooter,43000,8,1
2001,Aliens versus Predator 2,First-Person Shooter,40000,1,1
2002,Super Smash Bros. Melee,Fighting Game,40.0,6,2
2003,Super Smash Bros. Melee,Fighting Game,15550.0,11,4
2004,Super Smash Bros. Melee,Fighting Game,10644.5,30,10
2005,Super Smash Bros. Melee,Fighting Game,36072.46,100,30
2006,Super Smash Bros. Melee,Fighting Game,116034.0,134,22
2007,Super Smash Bros. Melee,Fighting Game,74733.31,205,65
2008,Super Smash Bros. Melee,Fighting Game,22934.61,109,27
2009,Super Smash Bros. Melee,Fighting Game,51999.99,335,89
2010,Super Smash Bros. Melee,Fighting Game,31742.98,256,65
2011,Super Smash Bros. Melee,Fighting Game,44594.21,233,52
2012,Super Smash Bros. Melee,Fighting Game,30778.5,159,28
2013,Super Smash Bros. Melee,Fighting Game,56927.3,395,112
2014,Super Smash Bros. Melee,Fighting Game,167343.13,855,268
2015,Super Smash Bros. Melee,Fighting Game,514706.42,1476,533
2016,Super Smash Bros. Melee,Fighting Game,674499.14,2039,750
2017,Super Smash Bros. Melee,Fighting Game,631757.73,1115,298
2018,Super Smash Bros. Melee,Fighting Game,364222.84,649,112
2019,Super Smash Bros. Melee,Fighting Game,229660.22,639,121
2002,Return to Castle Wolfenstein,First-Person Shooter,67424.3,30,2
2002,Capcom vs. SNK 2,Fighting Game,0,3,1
2003,Capcom vs. SNK 2,Fighting Game,0,3,1
2004,Capcom vs. SNK 2,Fighting Game,0,3,1
2005,Capcom vs. SNK 2,Fighting Game,0,3,1
2006,Capcom vs. SNK 2,Fighting Game,10250,8,1
2007,Capcom vs. SNK 2,Fighting Game,10250,8,1
2008,Capcom vs. SNK 2,Fighting Game,1450.0,6,2
2014,Capcom vs. SNK 2,Fighting Game,445.0,11,2
2015,Capcom vs. SNK 2,Fighting Game,61.79,3,1
2017,Capcom vs. SNK 2,Fighting Game,610.0,6,2
2018,Capcom vs. SNK 2,Fighting Game,150,3,1
2019,Capcom vs. SNK 2,Fighting Game,730.0,6,2
2002,FIFA 2002 World Cup,Sports,43000,8,1
2002,Halo: Combat Evolved,First-Person Shooter,5000,21,2
2003,Halo: Combat Evolved,First-Person Shooter,107150.0,90,12
2004,Halo: Combat Evolved,First-Person Shooter,183456.0,109,22
2005,Halo: Combat Evolved,First-Person Shooter,3675,11,3
2002,Unreal Tournament 2003,First-Person Shooter,34000.0,24,5
2003,Unreal Tournament 2003,First-Person Shooter,111773.91,20,8
2008,Unreal Tournament 2003,First-Person Shooter,1700,1,1
2002,WarCraft III,Strategy,31285.25,12,4
2003,WarCraft III,Strategy,191632.33,90,29
2004,WarCraft III,Strategy,353388.9,200,72
2005,WarCraft III,Strategy,438648.01,201,41
2006,WarCraft III,Strategy,517579.95,217,64
2007,WarCraft III,Strategy,810507.08,319,102
2008,WarCraft III,Strategy,681496.09,282,105
2009,WarCraft III,Strategy,387351.0,178,90
2010,WarCraft III,Strategy,362767.85,198,88
2011,WarCraft III,Strategy,149527.55,112,64
2012,WarCraft III,Strategy,81561.64,81,57
2013,WarCraft III,Strategy,66904.83,78,61
2014,WarCraft III,Strategy,215181.8,110,29
2015,WarCraft III,Strategy,219597.87,113,58
2016,WarCraft III,Strategy,419963.19,229,108
2017,WarCraft III,Strategy,242954.2,319,198
2018,WarCraft III,Strategy,176129.87,240,117
2019,WarCraft III,Strategy,392576.52,174,40
2002,NASCAR Thunder 2002,Racing,7679.25,0,1
2002,Star Wars Jedi Knight II: Jedi Outcast,First-Person Shooter,7679.25,0,1
2003,Tekken 4,Fighting Game,12500.0,3,2
2004,Tekken 4,Fighting Game,0,3,1
2003,NASCAR Thunder 2003,Racing,5933.5,0,1
2003,FIFA 03,Sports,54066.44,10,3
2003,Guilty Gear XX,Fighting Game,0,3,1
2004,Guilty Gear XX,Fighting Game,0,3,1
2003,Soul Calibur II,Fighting Game,1500.0,6,2
2004,Soul Calibur II,Fighting Game,2700.0,5,2
2019,Soul Calibur II,Fighting Game,590.0,6,2
2003,Tekken Tag Tournament,Fighting Game,0,3,1
2004,Tekken Tag Tournament,Fighting Game,0,3,1
2005,Tekken Tag Tournament,Fighting Game,0,3,1
2003,Virtua Fighter 4: Evolution,Fighting Game,0,3,1
2004,Virtua Fighter 4: Evolution,Fighting Game,0,3,1
2003,Age of Mythology,Strategy,49000,8,2
2004,Age of Mythology,Strategy,3000,8,1
2014,Age of Mythology,Strategy,200,3,1
2018,Age of Mythology,Strategy,160,3,1
2003,Gran Turismo 3: A-Spec,Racing,1500,3,1
2004,Gran Turismo 3: A-Spec,Racing,1750,3,1
2003,Madden NFL 2004,Sports,1500,3,1
2003,Live for Speed,Racing,2491.62,5,1
2004,Live for Speed,Racing,0.0,2,2
2005,Live for Speed,Racing,2823.77,8,2
2006,Live for Speed,Racing,1895.48,6,2
2007,Live for Speed,Racing,2008.27,5,1
2003,FIFA 04,Sports,0,0,1
2004,FIFA 04,Sports,40000.0,3,2
2004,Counter-Strike: Condition Zero,First-Person Shooter,162150.6,141,3
2004,Pro Evolution Soccer 3,Sports,25000,8,1
2004,Painkiller,First-Person Shooter,55000.0,28,3
2005,Painkiller,First-Person Shooter,960000.0,141,10
2004,Unreal Tournament 2004,First-Person Shooter,106512.41,40,4
2005,Unreal Tournament 2004,First-Person Shooter,27456.92,17,6
2004,Doom 3,First-Person Shooter,207748.16,14,3
2005,Doom 3,First-Person Shooter,50000,3,1
2004,Call of Duty,First-Person Shooter,50000,51,1
2005,Call of Duty,First-Person Shooter,629.77,0,1
2004,Need for Speed: Underground,Racing,35000,3,1
2004,Project Gotham Racing 2,Racing,35000,3,1
2005,Project Gotham Racing 2,Racing,0,3,1
2004,Day of Defeat,First-Person Shooter,10000,18,1
2005,Day of Defeat,First-Person Shooter,30000,23,1
2006,Day of Defeat,First-Person Shooter,10300,1,1
2004,FIFA 05,Sports,0,0,1
2005,FIFA 05,Sports,57728.01,6,5
2005,Halo 2,First-Person Shooter,197850.0,227,38
2006,Halo 2,First-Person Shooter,618050.0,218,19
2007,Halo 2,First-Person Shooter,673462.47,214,14
2005,Counter-Strike: Source,First-Person Shooter,150546.22,123,12
2006,Counter-Strike: Source,First-Person Shooter,177710.53,376,27
2007,Counter-Strike: Source,First-Person Shooter,840896.6,718,45
2008,Counter-Strike: Source,First-Person Shooter,871999.5,897,61
2009,Counter-Strike: Source,First-Person Shooter,247039.65,660,47
2010,Counter-Strike: Source,First-Person Shooter,351448.47,1032,62
2011,Counter-Strike: Source,First-Person Shooter,261943.4,648,42
2012,Counter-Strike: Source,First-Person Shooter,214637.92,543,34
2019,Counter-Strike: Source,First-Person Shooter,1000,3,1
2005,Need for Speed: Underground 2,Racing,35629.48,9,3
2005,Pro Evolution Soccer 4,Sports,40550.64,11,2
2005,Gran Turismo 4,Racing,12000,4,1
2006,Gran Turismo 4,Racing,32000,4,1
2005,Wolfenstein: Enemy Territory,First-Person Shooter,50000,19,1
2006,Wolfenstein: Enemy Territory,First-Person Shooter,36350.2,74,4
2007,Wolfenstein: Enemy Territory,First-Person Shooter,19156.88,78,3
2008,Wolfenstein: Enemy Territory,First-Person Shooter,12014.88,36,2
2009,Wolfenstein: Enemy Territory,First-Person Shooter,6637.46,18,1
2010,Wolfenstein: Enemy Territory,First-Person Shooter,6811.76,15,1
2011,Wolfenstein: Enemy Territory,First-Person Shooter,86.37,6,1
2015,Wolfenstein: Enemy Territory,First-Person Shooter,2107.3,18,1
2017,Wolfenstein: Enemy Territory,First-Person Shooter,4493.3,23,2
2019,Wolfenstein: Enemy Territory,First-Person Shooter,3305.09,18,2
2005,Quake 4,First-Person Shooter,51780.7,50,7
2006,Quake 4,First-Person Shooter,358339.0,133,34
2007,Quake 4,First-Person Shooter,146558.81,58,10
2005,Battlefield 2,First-Person Shooter,3148.82,0,1
2006,Battlefield 2,First-Person Shooter,79074.59,0,8
2007,Battlefield 2,First-Person Shooter,6514.86,0,2
2008,Battlefield 2,First-Person Shooter,2976.95,0,1
2005,Guilty Gear XX #Reload,Fighting Game,0,3,1
2005,Tekken 5,Fighting Game,0,3,2
2006,Tekken 5,Fighting Game,10250,8,1
2005,"Warhammer 40,000: Dawn of War",Strategy,35000,3,1
2006,"Warhammer 40,000: Dawn of War",Strategy,43000,3,1
2010,"Warhammer 40,000: Dawn of War",Strategy,1816.5,2,1
2005,Dead or Alive Ultimate,Fighting Game,30000,3,1
2005,Defense of the Ancients,Multiplayer Online Battle Arena,1736.36,0,1
2006,Defense of the Ancients,Multiplayer Online Battle Arena,738.83,5,1
2007,Defense of the Ancients,Multiplayer Online Battle Arena,35076.49,41,4
2008,Defense of the Ancients,Multiplayer Online Battle Arena,81556.24,71,8
2009,Defense of the Ancients,Multiplayer Online Battle Arena,124530.2,160,15
2010,Defense of the Ancients,Multiplayer Online Battle Arena,158306.3,196,17
2011,Defense of the Ancients,Multiplayer Online Battle Arena,244082.84,397,27
2012,Defense of the Ancients,Multiplayer Online Battle Arena,205438.37,177,11
2013,Defense of the Ancients,Multiplayer Online Battle Arena,5955.02,0,1
2005,FIFA 06,Sports,26694.54,6,2
2006,FIFA 06,Sports,85769.99,22,9
2005,Need for Speed: Most Wanted,Racing,694.54,4,1
2006,Need for Speed: Most Wanted,Racing,35000.0,16,5
2006,Madden NFL 2006,Sports,1.00E+05,1,1
2006,Call of Duty 2,First-Person Shooter,31249.28,0,8
2007,Call of Duty 2,First-Person Shooter,29089.98,25,5
2009,Call of Duty 2,First-Person Shooter,4401.02,0,1
2012,Call of Duty 2,First-Person Shooter,1014.32,10,1
2017,Call of Duty 2,First-Person Shooter,1073.91,6,1
2006,Pro Evolution Soccer 5,Sports,32000,4,1
2006,TrackMania Nations,Racing,72000.0,14,2
2007,TrackMania Nations,Racing,21381.66,13,5
2006,Dead or Alive 4,Fighting Game,53050.0,14,4
2007,Dead or Alive 4,Fighting Game,254986.85,32,6
2008,Dead or Alive 4,Fighting Game,189708.46,19,3
2006,Forza Motorsport 2,Racing,15000,2,1
2008,Forza Motorsport 2,Racing,207000,16,1
2006,Project Gotham Racing 3,Racing,72300.0,10,4
2007,Project Gotham Racing 3,Racing,224986.85,31,5
2006,Ghost Recon Advanced Warfighter,First-Person Shooter,24000.0,0,2
2006,Guilty Gear XX Slash,Fighting Game,10250,6,1
2006,Hyper Street Fighter II,Fighting Game,10250,8,1
2006,FIFA 07,Sports,27300.0,5,2
2007,FIFA 07,Sports,210512.23,44,10
2007,Madden NFL 2007,Sports,1.00E+05,1,1
2007,Rise of Nations: Rise of Legends,Strategy,69600,8,1
2007,Need for Speed Carbon,Racing,36322.58,14,3
2007,World of WarCraft,Role-Playing Game,213500.0,41,7
2008,World of WarCraft,Role-Playing Game,450500.0,125,11
2009,World of WarCraft,Role-Playing Game,350138.91,102,12
2010,World of WarCraft,Role-Playing Game,291250.0,117,9
2011,World of WarCraft,Role-Playing Game,165000.0,24,3
2012,World of WarCraft,Role-Playing Game,208500.0,18,2
2013,World of WarCraft,Role-Playing Game,189000,12,1
2014,World of WarCraft,Role-Playing Game,250000,24,1
2015,World of WarCraft,Role-Playing Game,470948.7,137,20
2016,World of WarCraft,Role-Playing Game,453000.0,87,4
2017,World of WarCraft,Role-Playing Game,726000.0,233,17
2018,World of WarCraft,Role-Playing Game,740000.0,373,27
2019,World of WarCraft,Role-Playing Game,450000.0,82,4
2007,Battlefield 2142,First-Person Shooter,18546.14,0,3
2007,Rainbow Six: Vegas,First-Person Shooter,176400.77,222,7
2007,Command & Conquer 3,Strategy,24901.26,7,2
2008,Command & Conquer 3,Strategy,28185.41,7,3
2007,S.T.A.L.K.E.R.: Shadow of Chernobyl,First-Person Shooter,4901.26,0,1
2007,Supreme Commander,Strategy,4901.26,0,1
2007,Day of Defeat: Source,First-Person Shooter,996.07,0,1
2008,Day of Defeat: Source,First-Person Shooter,2285.82,12,1
2009,Day of Defeat: Source,First-Person Shooter,7717.64,41,3
2010,Day of Defeat: Source,First-Person Shooter,3069.04,18,3
2007,F.E.A.R.,First-Person Shooter,60000.0,23,3
2008,F.E.A.R.,First-Person Shooter,118000.0,12,2
2007,World in Conflict,Strategy,65227.5,23,4
2008,World in Conflict,Strategy,228110.73,25,5
2007,Pro Evolution Soccer 6,Sports,20216.82,6,2
2007,Super Smash Bros.,Fighting Game,940.0,12,4
2009,Super Smash Bros.,Fighting Game,100,7,2
2010,Super Smash Bros.,Fighting Game,180.0,8,4
2011,Super Smash Bros.,Fighting Game,330,3,1
2012,Super Smash Bros.,Fighting Game,400,7,2
2013,Super Smash Bros.,Fighting Game,2061.0,20,5
2014,Super Smash Bros.,Fighting Game,3073.0,35,8
2015,Super Smash Bros.,Fighting Game,11915.7,80,18
2016,Super Smash Bros.,Fighting Game,18200.77,136,33
2017,Super Smash Bros.,Fighting Game,13925.2,133,20
2018,Super Smash Bros.,Fighting Game,10747.76,84,14
2019,Super Smash Bros.,Fighting Game,4662.2,29,4
2007,Gears of War,Third-Person Shooter,170900.77,33,7
2008,Gears of War,Third-Person Shooter,66974.5,0,6
2010,Gears of War,Third-Person Shooter,10193.3,0,1
2011,Gears of War,Third-Person Shooter,4127,0,1
2007,Enemy Territory: Quake Wars,First-Person Shooter,56273.0,26,2
2008,Enemy Territory: Quake Wars,First-Person Shooter,4650.12,6,1
2007,Guilty Gear XX Accent Core,Fighting Game,10250,23,1
2008,Guilty Gear XX Accent Core,Fighting Game,80,3,1
2009,Guilty Gear XX Accent Core,Fighting Game,35.0,9,2
2007,Tekken 5: Dark Resurrection,Fighting Game,10250,8,1
2008,Tekken 5: Dark Resurrection,Fighting Game,1720.0,6,2
2019,Tekken 5: Dark Resurrection,Fighting Game,210,4,1
2007,Virtua Fighter 5,Fighting Game,10250,8,1
2008,Virtua Fighter 5,Fighting Game,17500,3,1
2009,Virtua Fighter 5,Fighting Game,12000,3,1
2019,Virtua Fighter 5,Fighting Game,80,1,1
2007,Shadowrun,First-Person Shooter,24000.0,0,3
2007,Madden NFL 2008,Sports,1.00E+05,1,1
2007,Age of Empires III,Strategy,20000,3,1
2008,Age of Empires III,Strategy,17500,3,1
2012,Age of Empires III,Strategy,345.0,5,2
2013,Age of Empires III,Strategy,2145.85,12,2
2015,Age of Empires III,Strategy,1995.0,16,3
2016,Age of Empires III,Strategy,2120.0,16,6
2017,Age of Empires III,Strategy,3300.0,26,7
2018,Age of Empires III,Strategy,3550.0,33,14
2019,Age of Empires III,Strategy,9035.0,61,30
2007,Carom 3D,Sports,20000,3,1
2008,Carom 3D,Sports,17500,3,1
2009,Carom 3D,Sports,12000,3,1
2010,Carom 3D,Sports,11000,3,1
2007,Crysis,First-Person Shooter,8364,0,1
2008,Crysis,First-Person Shooter,2976.95,0,1
2007,Call of Duty 4: Modern Warfare,First-Person Shooter,6273,20,1
2008,Call of Duty 4: Modern Warfare,First-Person Shooter,218907.09,257,22
2009,Call of Duty 4: Modern Warfare,First-Person Shooter,109724.84,194,21
2010,Call of Duty 4: Modern Warfare,First-Person Shooter,39665.91,175,15
2011,Call of Duty 4: Modern Warfare,First-Person Shooter,14653.11,50,7
2012,Call of Duty 4: Modern Warfare,First-Person Shooter,16525.03,58,8
2013,Call of Duty 4: Modern Warfare,First-Person Shooter,5850.23,15,3
2014,Call of Duty 4: Modern Warfare,First-Person Shooter,6028.93,0,3
2015,Call of Duty 4: Modern Warfare,First-Person Shooter,2703.33,0,1
2007,Team Fortress 2,First-Person Shooter,9182.0,21,2
2008,Team Fortress 2,First-Person Shooter,59639.44,97,7
2009,Team Fortress 2,First-Person Shooter,32478.48,204,10
2010,Team Fortress 2,First-Person Shooter,44142.93,342,21
2011,Team Fortress 2,First-Person Shooter,45490.44,230,21
2012,Team Fortress 2,First-Person Shooter,40007.8,137,8
2013,Team Fortress 2,First-Person Shooter,31664.98,164,11
2014,Team Fortress 2,First-Person Shooter,72949.72,216,16
2015,Team Fortress 2,First-Person Shooter,82721.87,309,18
2016,Team Fortress 2,First-Person Shooter,78899.83,323,21
2017,Team Fortress 2,First-Person Shooter,82893.73,354,20
2018,Team Fortress 2,First-Person Shooter,92841.73,410,21
2019,Team Fortress 2,First-Person Shooter,37432.94,395,14
2007,FIFA 08,Sports,3136.5,4,3
2008,FIFA 08,Sports,201433.25,71,12
2009,FIFA 08,Sports,2560.19,3,1
2007,Trackmania United,Racing,1027.5,3,1
2007,Halo 3,First-Person Shooter,1.00E+05,16,1
2008,Halo 3,First-Person Shooter,688924.67,219,11
2009,Halo 3,First-Person Shooter,234900.71,172,7
2010,Halo 3,First-Person Shooter,798113.79,225,8
2014,Halo 3,First-Person Shooter,10140.23,26,4
2018,Halo 3,First-Person Shooter,800,12,1
2019,Halo 3,First-Person Shooter,325200.0,183,8
2008,Unreal Tournament 3,First-Person Shooter,104812.82,3,3
2013,Unreal Tournament 3,First-Person Shooter,165,4,1
2008,Need for Speed: ProStreet,Racing,32208.46,14,3
2008,Project Gotham Racing 4,Racing,25208.46,6,2
2008,Pro Evolution Soccer 2008,Sports,2084.15,6,2
2008,Supreme Commander: Forged Alliance,Strategy,1290.01,0,1
2008,TrackMania Nations Forever,Racing,30946.31,12,6
2009,TrackMania Nations Forever,Racing,35765.59,40,13
2010,TrackMania Nations Forever,Racing,44166.39,82,19
2011,TrackMania Nations Forever,Racing,36283.56,65,18
2012,TrackMania Nations Forever,Racing,18051.32,38,13
2013,TrackMania Nations Forever,Racing,1881.98,11,2
2018,TrackMania Nations Forever,Racing,235.2,3,1
2008,Super Smash Bros. Brawl,Fighting Game,16501.87,110,35
2009,Super Smash Bros. Brawl,Fighting Game,48302.26,327,97
2010,Super Smash Bros. Brawl,Fighting Game,74805.2,121,25
2011,Super Smash Bros. Brawl,Fighting Game,28153.32,150,35
2012,Super Smash Bros. Brawl,Fighting Game,18424.46,85,24
2013,Super Smash Bros. Brawl,Fighting Game,18591.65,163,51
2014,Super Smash Bros. Brawl,Fighting Game,16629.31,127,33
2015,Super Smash Bros. Brawl,Fighting Game,9890.0,51,6
2016,Super Smash Bros. Brawl,Fighting Game,4500.54,51,13
2017,Super Smash Bros. Brawl,Fighting Game,3828.03,41,8
2018,Super Smash Bros. Brawl,Fighting Game,3613.19,34,9
2019,Super Smash Bros. Brawl,Fighting Game,2706.0,21,4
2008,Guitar Hero III: Legends of Rock,Sports,19000,8,1
2008,Rainbow Six: Vegas 2,First-Person Shooter,64000.0,0,6
2009,Rainbow Six: Vegas 2,First-Person Shooter,15000,0,1
2008,Quake Live,First-Person Shooter,25000,19,2
2009,Quake Live,First-Person Shooter,79946.08,46,19
2010,Quake Live,First-Person Shooter,177411.41,163,77
2011,Quake Live,First-Person Shooter,125267.32,113,68
2012,Quake Live,First-Person Shooter,71284.81,67,56
2013,Quake Live,First-Person Shooter,50733.15,87,21
2014,Quake Live,First-Person Shooter,64563.87,168,81
2015,Quake Live,First-Person Shooter,49091.89,95,41
2016,Quake Live,First-Person Shooter,28002.76,33,25
2017,Quake Live,First-Person Shooter,10492.75,35,19
2018,Quake Live,First-Person Shooter,500,2,1
2008,Madden NFL 2009,Sports,1.00E+05,1,1
2008,Red Stone,Role-Playing Game,35000,6,1
2009,Red Stone,Role-Playing Game,23000,12,1
2008,Asphalt 4,Racing,17500,3,1
2009,Asphalt 4,Racing,12000,3,1
2009,FIFA 09,Sports,118886.69,64,17
2010,FIFA 09,Sports,2731.65,3,2
2009,Gears of War 2,Third-Person Shooter,60000.0,0,4
2010,Gears of War 2,Third-Person Shooter,75000,0,1
2009,King of Fighters XI,Fighting Game,25,3,1
2009,Street Fighter IV,Fighting Game,1602.72,15,5
2010,Street Fighter IV,Fighting Game,3805.5,11,3
2011,Street Fighter IV,Fighting Game,90,2,1
2013,Street Fighter IV,Fighting Game,2440,16,1
2009,Super Street Fighter II Turbo HD Remix,Fighting Game,0.0,9,2
2010,Super Street Fighter II Turbo HD Remix,Fighting Game,160.0,6,2
2011,Super Street Fighter II Turbo HD Remix,Fighting Game,0,3,1
2012,Super Street Fighter II Turbo HD Remix,Fighting Game,16200.0,20,3
2009,Guilty Gear XX Accent Core Plus,Fighting Game,0,3,1
2009,Pro Evolution Soccer 2009,Sports,713.06,3,2
2010,Pro Evolution Soccer 2009,Sports,682.91,3,1
2009,BlazBlue: Calamity Trigger,Fighting Game,35,3,1
2009,Magic: The Gathering Online,Collectible Card Game,50000,8,1
2010,Magic: The Gathering Online,Collectible Card Game,1.00E+05,12,1
2011,Magic: The Gathering Online,Collectible Card Game,1.00E+05,12,1
2013,Magic: The Gathering Online,Collectible Card Game,116000,16,1
2014,Magic: The Gathering Online,Collectible Card Game,116000,16,1
2015,Magic: The Gathering Online,Collectible Card Game,116000,16,1
2016,Magic: The Gathering Online,Collectible Card Game,104000,13,1
2017,Magic: The Gathering Online,Collectible Card Game,116000,16,1
2018,Magic: The Gathering Online,Collectible Card Game,2.00E+05,23,1
2019,Magic: The Gathering Online,Collectible Card Game,2.00E+05,24,1
2009,Wise Star 2,Puzzle Game,12000,3,1
2009,Call of Duty: Modern Warfare 2,First-Person Shooter,4211.84,11,2
2010,Call of Duty: Modern Warfare 2,First-Person Shooter,95448.8,69,13
2011,Call of Duty: Modern Warfare 2,First-Person Shooter,10000,0,1
2016,Call of Duty: Modern Warfare 2,First-Person Shooter,1700,12,1
2017,Call of Duty: Modern Warfare 2,First-Person Shooter,1500,4,1
2010,Special Force,First-Person Shooter,85600.0,0,2
2011,Special Force,First-Person Shooter,44650,0,1
2010,FIFA 10,Sports,117026.71,85,48
2010,StarCraft II,Strategy,820839.29,558,277
2011,StarCraft II,Strategy,3179864.09,1704,789
2012,StarCraft II,Strategy,4200057.72,2179,696
2013,StarCraft II,Strategy,3846316.26,1897,500
2014,StarCraft II,Strategy,3471338.3,1794,610
2015,StarCraft II,Strategy,3017759.24,1725,690
2016,StarCraft II,Strategy,3182918.35,1525,651
2017,StarCraft II,Strategy,3413355.85,1383,649
2018,StarCraft II,Strategy,4024730.65,1292,448
2019,StarCraft II,Strategy,3124852.59,1358,361
2010,Tatsunoko vs. Capcom: Ultimate All-Stars,Fighting Game,300.81,6,3
2016,Tatsunoko vs. Capcom: Ultimate All-Stars,Fighting Game,170,3,1
2017,Tatsunoko vs. Capcom: Ultimate All-Stars,Fighting Game,160,3,1
2018,Tatsunoko vs. Capcom: Ultimate All-Stars,Fighting Game,230,3,1
2019,Tatsunoko vs. Capcom: Ultimate All-Stars,Fighting Game,470.0,6,2
2010,Tekken 6,Fighting Game,76418.69,57,12
2011,Tekken 6,Fighting Game,38914.17,39,13
2012,Tekken 6,Fighting Game,4541.78,8,3
2010,Heroes of Newerth,Multiplayer Online Battle Arena,45064.9,25,8
2011,Heroes of Newerth,Multiplayer Online Battle Arena,153840.35,90,14
2012,Heroes of Newerth,Multiplayer Online Battle Arena,341962.28,588,63
2013,Heroes of Newerth,Multiplayer Online Battle Arena,649870.1,877,96
2014,Heroes of Newerth,Multiplayer Online Battle Arena,486110.24,654,87
2015,Heroes of Newerth,Multiplayer Online Battle Arena,810839.41,689,76
2016,Heroes of Newerth,Multiplayer Online Battle Arena,246433.55,222,24
2017,Heroes of Newerth,Multiplayer Online Battle Arena,117046.61,20,2
2018,Heroes of Newerth,Multiplayer Online Battle Arena,64039.12,0,1
2010,KartRider,Racing,51240.0,16,4
2011,KartRider,Racing,54123.0,16,4
2012,KartRider,Racing,53139.0,24,3
2013,KartRider,Racing,27570,16,1
2014,KartRider,Racing,106712.0,40,2
2015,KartRider,Racing,54188,12,1
2016,KartRider,Racing,144234.0,24,3
2017,KartRider,Racing,76160.35,33,2
2010,Super Street Fighter IV,Fighting Game,19170.5,27,6
2011,Super Street Fighter IV,Fighting Game,1706.8,22,6
2010,Guitar Hero 5,Sports,10500,3,1
2010,Need for Speed: Shift,Racing,10500,3,1
2010,Melty Blood: Actress Again,Fighting Game,0,3,1
2015,Melty Blood: Actress Again,Fighting Game,0,8,1
2010,League of Legends,Multiplayer Online Battle Arena,27942.64,136,23
2011,League of Legends,Multiplayer Online Battle Arena,526574.51,837,172
2012,League of Legends,Multiplayer Online Battle Arena,4287209.14,2362,391
2013,League of Legends,Multiplayer Online Battle Arena,6226159.63,2714,368
2014,League of Legends,Multiplayer Online Battle Arena,8057290.99,3908,428
2015,League of Legends,Multiplayer Online Battle Arena,7717807.16,4012,309
2016,League of Legends,Multiplayer Online Battle Arena,10529059.95,3057,182
2017,League of Legends,Multiplayer Online Battle Arena,12225701.03,3521,186
2018,League of Legends,Multiplayer Online Battle Arena,14569801.53,3852,184
2019,League of Legends,Multiplayer Online Battle Arena,9498833.68,3694,173
2010,FIFA 11,Sports,3802.85,15,16
2011,FIFA 11,Sports,90180.92,92,62
2010,Halo: Reach,First-Person Shooter,114000.0,1,3
2011,Halo: Reach,First-Person Shooter,593521.98,254,14
2012,Halo: Reach,First-Person Shooter,64567.99,65,8
2019,Halo: Reach,First-Person Shooter,50000,16,1
2010,Soul Calibur IV,Fighting Game,1.00E+05,1,1
2011,Soul Calibur IV,Fighting Game,260,3,1
2010,iRacing.com,Racing,28000,5,2
2011,iRacing.com,Racing,48900.0,16,3
2012,iRacing.com,Racing,32500,8,2
2013,iRacing.com,Racing,32000,10,2
2014,iRacing.com,Racing,30500,8,2
2015,iRacing.com,Racing,39694.67,115,6
2016,iRacing.com,Racing,47319.88,140,8
2017,iRacing.com,Racing,50889.99,156,10
2018,iRacing.com,Racing,143340.3,219,18
2019,iRacing.com,Racing,399642.94,290,23
2010,Forza Motorsport 3,Racing,11000,3,1
2010,rFactor,Racing,1117.35,10,1
2011,rFactor,Racing,4724.49,30,1
2012,rFactor,Racing,4645.73,29,1
2013,rFactor,Racing,4595.99,30,1
2010,CrossFire,First-Person Shooter,23000,0,1
2011,CrossFire,First-Person Shooter,34000,15,1
2012,CrossFire,First-Person Shooter,60774.96,201,22
2013,CrossFire,First-Person Shooter,270618.52,520,68
2014,CrossFire,First-Person Shooter,506348.43,354,46
2015,CrossFire,First-Person Shooter,500714.08,403,73
2016,CrossFire,First-Person Shooter,887159.96,216,20
2017,CrossFire,First-Person Shooter,1519054.74,380,36
2018,CrossFire,First-Person Shooter,1074640.06,365,26
2019,CrossFire,First-Person Shooter,1014147.75,292,11
2011,Call of Duty: Black Ops,First-Person Shooter,376553.48,282,23
2012,Call of Duty: Black Ops,First-Person Shooter,240,0,1
2011,Mortal Kombat vs. DC Universe,Fighting Game,0,3,1
2011,Ultimate Mortal Kombat 3,Fighting Game,0,3,1
2015,Ultimate Mortal Kombat 3,Fighting Game,150,3,1
2011,Mortal Kombat 9,Fighting Game,29501.67,29,7
2012,Mortal Kombat 9,Fighting Game,101300.0,48,9
2013,Mortal Kombat 9,Fighting Game,2640.0,18,4
2014,Mortal Kombat 9,Fighting Game,0.0,22,3
2015,Mortal Kombat 9,Fighting Game,190,3,1
2018,Mortal Kombat 9,Fighting Game,3260,8,1
2011,Marvel vs. Capcom 3,Fighting Game,22144.33,49,11
2016,Marvel vs. Capcom 3,Fighting Game,199.29,0,1
2011,Super Street Fighter IV Arcade Edition,Fighting Game,56552.09,53,14
2012,Super Street Fighter IV Arcade Edition,Fighting Game,107590.66,125,39
2013,Super Street Fighter IV Arcade Edition,Fighting Game,126977.72,229,96
2014,Super Street Fighter IV Arcade Edition,Fighting Game,39044.63,130,52
2015,Super Street Fighter IV Arcade Edition,Fighting Game,13712.98,8,1
2011,Bloodline Champions,Multiplayer Online Battle Arena,20000.0,18,2
2012,Bloodline Champions,Multiplayer Online Battle Arena,21450.0,33,4
2016,Bloodline Champions,Multiplayer Online Battle Arena,455.32,12,4
2011,BlazBlue: Continuum Shift II,Fighting Game,7591.43,17,4
2012,BlazBlue: Continuum Shift II,Fighting Game,16999.58,0,1
2011,TrackMania 2: Canyon,Racing,4673.38,5,2
2012,TrackMania 2: Canyon,Racing,13237.04,17,26
2013,TrackMania 2: Canyon,Racing,1427.78,6,2
2014,TrackMania 2: Canyon,Racing,1194.24,5,2
2015,TrackMania 2: Canyon,Racing,540.66,3,1
2017,TrackMania 2: Canyon,Racing,318.36,3,1
2018,TrackMania 2: Canyon,Racing,369.6,3,1
2019,TrackMania 2: Canyon,Racing,337.68,3,1
2011,Arcana Heart 3,Fighting Game,1000,4,1
2011,Project M,Fighting Game,225,4,1
2012,Project M,Fighting Game,751.81,12,4
2013,Project M,Fighting Game,8815.48,148,44
2014,Project M,Fighting Game,53150.21,401,107
2015,Project M,Fighting Game,57236.28,325,72
2016,Project M,Fighting Game,38048.66,239,47
2017,Project M,Fighting Game,25890.48,139,22
2018,Project M,Fighting Game,13056.56,99,24
2019,Project M,Fighting Game,8117.61,59,13
2011,Age of Empires Online,Strategy,100,3,1
2017,Age of Empires Online,Strategy,500,8,1
2018,Age of Empires Online,Strategy,1448.0,15,3
2011,Dota 2,Multiplayer Online Battle Arena,1672268.08,128,6
2012,Dota 2,Multiplayer Online Battle Arena,2087094.85,615,96
2013,Dota 2,Multiplayer Online Battle Arena,4543141.76,1255,126
2014,Dota 2,Multiplayer Online Battle Arena,16608030.59,1757,150
2015,Dota 2,Multiplayer Online Battle Arena,31050786.86,2730,227
2016,Dota 2,Multiplayer Online Battle Arena,37464419.92,2535,154
2017,Dota 2,Multiplayer Online Battle Arena,38074599.32,2651,167
2018,Dota 2,Multiplayer Online Battle Arena,41457368.99,2860,174
2019,Dota 2,Multiplayer Online Battle Arena,47009635.94,3127,219
2011,Call of Duty: Modern Warfare 3,First-Person Shooter,1006015.34,48,5
2012,Call of Duty: Modern Warfare 3,First-Person Shooter,154800.32,327,40
2011,FIFA 12,Sports,1761.0,13,15
2012,FIFA 12,Sports,52670.52,68,51
2011,Ultimate Marvel vs. Capcom 3,Fighting Game,45,2,1
2012,Ultimate Marvel vs. Capcom 3,Fighting Game,4696.23,33,6
2013,Ultimate Marvel vs. Capcom 3,Fighting Game,37763.67,149,59
2014,Ultimate Marvel vs. Capcom 3,Fighting Game,17570.01,126,32
2015,Ultimate Marvel vs. Capcom 3,Fighting Game,21643.72,117,24
2016,Ultimate Marvel vs. Capcom 3,Fighting Game,18501.06,75,25
2017,Ultimate Marvel vs. Capcom 3,Fighting Game,13045.0,58,13
2018,Ultimate Marvel vs. Capcom 3,Fighting Game,1160.0,6,2
2019,Ultimate Marvel vs. Capcom 3,Fighting Game,1678.47,16,6
2011,World of Tanks,Strategy,18503.12,7,2
2012,World of Tanks,Strategy,123502.27,94,6
2013,World of Tanks,Strategy,329000.0,53,6
2014,World of Tanks,Strategy,882436.68,105,7
2015,World of Tanks,Strategy,1203054.52,361,20
2016,World of Tanks,Strategy,400000.0,59,2
2017,World of Tanks,Strategy,700000.0,154,3
2012,NHL 12,Sports,702.93,6,2
2012,Tekken Tag Tournament 2,Fighting Game,66720.0,62,20
2013,Tekken Tag Tournament 2,Fighting Game,24225.86,116,51
2014,Tekken Tag Tournament 2,Fighting Game,27583.4,139,51
2015,Tekken Tag Tournament 2,Fighting Game,4606.44,38,11
2016,Tekken Tag Tournament 2,Fighting Game,2520.0,13,4
2017,Tekken Tag Tournament 2,Fighting Game,310,3,1
2012,Forza Motorsport 4,Racing,132.37,2,1
2012,Soul Calibur V,Fighting Game,57500.9,39,9
2013,Soul Calibur V,Fighting Game,405.0,20,3
2014,Soul Calibur V,Fighting Game,635.0,34,5
2015,Soul Calibur V,Fighting Game,920.0,17,4
2016,Soul Calibur V,Fighting Game,140,3,1
2017,Soul Calibur V,Fighting Game,330.0,5,2
2018,Soul Calibur V,Fighting Game,77.64,4,1
2012,King of Fighters XIII,Fighting Game,21995.0,45,8
2013,King of Fighters XIII,Fighting Game,5510.0,47,10
2014,King of Fighters XIII,Fighting Game,14444.4,66,11
2015,King of Fighters XIII,Fighting Game,1460.31,34,8
2016,King of Fighters XIII,Fighting Game,834.57,10,3
2012,Street Fighter X Tekken,Fighting Game,66015.64,98,27
2013,Street Fighter X Tekken,Fighting Game,15425.0,117,51
2014,Street Fighter X Tekken,Fighting Game,520.0,38,7
2015,Street Fighter X Tekken,Fighting Game,600.0,6,2
2016,Street Fighter X Tekken,Fighting Game,300,3,1
2017,Street Fighter X Tekken,Fighting Game,480.0,6,2
2018,Street Fighter X Tekken,Fighting Game,500.0,6,2
2019,Street Fighter X Tekken,Fighting Game,250,3,1
2012,Battlefield 3,First-Person Shooter,25407.46,5,4
2012,Point Blank,First-Person Shooter,64500.0,80,5
2013,Point Blank,First-Person Shooter,48000.0,60,3
2014,Point Blank,First-Person Shooter,78000.0,90,4
2015,Point Blank,First-Person Shooter,143097.75,144,11
2016,Point Blank,First-Person Shooter,145000.0,75,2
2017,Point Blank,First-Person Shooter,121570.0,88,4
2018,Point Blank,First-Person Shooter,99000,10,1
2012,Gears of War 3,Third-Person Shooter,4555.81,0,2
2015,Gears of War 3,Third-Person Shooter,2700.0,14,2
2012,Counter-Strike: Global Offensive,First-Person Shooter,222538.77,397,48
2013,Counter-Strike: Global Offensive,First-Person Shooter,1211869.54,2146,199
2014,Counter-Strike: Global Offensive,First-Person Shooter,1962515.01,3026,279
2015,Counter-Strike: Global Offensive,First-Person Shooter,6284970.14,7236,707
2016,Counter-Strike: Global Offensive,First-Person Shooter,17266132.5,10533,861
2017,Counter-Strike: Global Offensive,First-Person Shooter,19270081.81,11497,906
2018,Counter-Strike: Global Offensive,First-Person Shooter,23306809.49,11399,1017
2019,Counter-Strike: Global Offensive,First-Person Shooter,21994516.55,10299,833
2012,Counter-Strike Online,First-Person Shooter,106108.0,45,3
2013,Counter-Strike Online,First-Person Shooter,142193.6,60,4
2014,Counter-Strike Online,First-Person Shooter,78688.0,20,2
2015,Counter-Strike Online,First-Person Shooter,40000,15,1
2016,Counter-Strike Online,First-Person Shooter,40000,15,1
2012,Persona 4 Arena,Fighting Game,476.63,14,3
2013,Persona 4 Arena,Fighting Game,5040.0,26,6
2014,Persona 4 Arena,Fighting Game,820.0,11,2
2012,FIFA 13,Sports,17123.27,24,18
2013,FIFA 13,Sports,441304.55,61,44
2012,Call of Duty: Black Ops 2,First-Person Shooter,29997.95,32,4
2013,Call of Duty: Black Ops 2,First-Person Shooter,1432141.3,405,47
2015,Call of Duty: Black Ops 2,First-Person Shooter,5000,4,1
2012,Dead or Alive 5,Fighting Game,0,4,1
2012,Halo 4,First-Person Shooter,40000,16,1
2013,Halo 4,First-Person Shooter,371798.76,102,14
2014,Halo 4,First-Person Shooter,18950,16,2
2012,ShootMania Storm,First-Person Shooter,100000.0,27,2
2013,ShootMania Storm,First-Person Shooter,129658.37,86,32
2014,ShootMania Storm,First-Person Shooter,15000,9,1
2015,ShootMania Storm,First-Person Shooter,17028.67,9,4
2013,Madden NFL 2013,Sports,4.00E+05,8,1
2013,NHL 13,Sports,70000,1,1
2013,TrackMania 2: Stadium,Racing,12008.29,30,8
2014,TrackMania 2: Stadium,Racing,16414.15,74,17
2015,TrackMania 2: Stadium,Racing,24265.77,54,15
2016,TrackMania 2: Stadium,Racing,12386.52,40,15
2017,TrackMania 2: Stadium,Racing,12566.74,84,20
2018,TrackMania 2: Stadium,Racing,26329.28,140,39
2019,TrackMania 2: Stadium,Racing,54050.3,255,84
2013,Injustice: Gods Among Us,Fighting Game,18906.89,151,69
2014,Injustice: Gods Among Us,Fighting Game,14900.0,125,44
2015,Injustice: Gods Among Us,Fighting Game,870.0,12,3
2016,Injustice: Gods Among Us,Fighting Game,500,3,1
2013,Turbo Racing League,Racing,1000000.0,22,9
2013,BlazBlue: Continuum Shift Extend,Fighting Game,0,3,1
2013,Divekick,Fighting Game,2360.0,12,3
2014,Divekick,Fighting Game,1700.0,10,3
2015,Divekick,Fighting Game,1110.0,6,2
2016,Divekick,Fighting Game,180,3,1
2017,Divekick,Fighting Game,240,3,1
2018,Divekick,Fighting Game,250,3,1
2013,Skullgirls,Fighting Game,300,3,1
2013,SMITE,Multiplayer Online Battle Arena,43472.38,25,3
2014,SMITE,Multiplayer Online Battle Arena,497909.6,169,9
2015,SMITE,Multiplayer Online Battle Arena,3709088.73,485,42
2016,SMITE,Multiplayer Online Battle Arena,1638242.04,457,21
2017,SMITE,Multiplayer Online Battle Arena,1567900.0,233,8
2018,SMITE,Multiplayer Online Battle Arena,1183500.0,253,11
2013,S.K.I.L.L. - Special Force 2,First-Person Shooter,4054.33,10,1
2014,S.K.I.L.L. - Special Force 2,First-Person Shooter,35929.65,10,3
2015,S.K.I.L.L. - Special Force 2,First-Person Shooter,91548.95,176,16
2017,S.K.I.L.L. - Special Force 2,First-Person Shooter,1000,0,1
2013,Doom II: Hell on Earth,First-Person Shooter,1000,1,1
2013,Dragon Ball Z: Budokai 3,Fighting Game,204.06,3,1
2013,FIFA 14,Sports,28687.53,21,19
2014,FIFA 14,Sports,67660.28,69,50
2013,Dead or Alive 5 Ultimate,Fighting Game,0.0,12,2
2014,Dead or Alive 5 Ultimate,Fighting Game,0.0,40,5
2013,Trackmania 2: Valley,Racing,238.68,3,1
2015,Trackmania 2: Valley,Racing,540.66,3,1
2013,Hearthstone,Collectible Card Game,1395.34,3,3
2014,Hearthstone,Collectible Card Game,1123245.18,521,177
2015,Hearthstone,Collectible Card Game,2372583.73,967,251
2016,Hearthstone,Collectible Card Game,3455125.46,906,134
2017,Hearthstone,Collectible Card Game,3476623.09,1109,122
2018,Hearthstone,Collectible Card Game,4717852.27,1552,132
2019,Hearthstone,Collectible Card Game,4772553.17,982,43
2013,Call of Duty: Ghosts,First-Person Shooter,68749.3,72,14
2014,Call of Duty: Ghosts,First-Person Shooter,1525435.95,421,62
2013,Battlefield 4,First-Person Shooter,15408.65,20,2
2014,Battlefield 4,First-Person Shooter,128323.18,248,67
2015,Battlefield 4,First-Person Shooter,83382.97,249,69
2016,Battlefield 4,First-Person Shooter,6070.68,40,3
2017,Battlefield 4,First-Person Shooter,2305.53,20,1
2018,Battlefield 4,First-Person Shooter,10275.45,50,2
2014,Killer Instinct (2013),Fighting Game,22399.8,69,12
2015,Killer Instinct (2013),Fighting Game,83227.57,63,13
2016,Killer Instinct (2013),Fighting Game,55479.59,74,12
2017,Killer Instinct (2013),Fighting Game,44040.0,61,8
2018,Killer Instinct (2013),Fighting Game,17770.0,21,4
2019,Killer Instinct (2013),Fighting Game,1500.0,13,3
2014,NHL 14,Sports,3023.96,6,3
2014,BlazBlue: Chronophantasma,Fighting Game,36535.0,67,10
2015,BlazBlue: Chronophantasma,Fighting Game,485.58,27,5
2014,Guilty Gear XX Accent Core Plus R,Fighting Game,440.0,42,7
2015,Guilty Gear XX Accent Core Plus R,Fighting Game,120.0,11,2
2016,Guilty Gear XX Accent Core Plus R,Fighting Game,870.0,6,2
2017,Guilty Gear XX Accent Core Plus R,Fighting Game,660.0,6,2
2018,Guilty Gear XX Accent Core Plus R,Fighting Game,780.0,6,2
2019,Guilty Gear XX Accent Core Plus R,Fighting Game,1220.0,9,3
2014,Attack on Titan Tribute Game,Fighting Game,139063.53,68,19
2015,Attack on Titan Tribute Game,Fighting Game,220200.0,59,15
2016,Attack on Titan Tribute Game,Fighting Game,82000.0,30,9
2017,Attack on Titan Tribute Game,Fighting Game,380000.0,82,13
2018,Attack on Titan Tribute Game,Fighting Game,475450.0,143,15
2014,Skullgirls Encore,Fighting Game,0.0,12,2
2015,Skullgirls Encore,Fighting Game,3915.4,28,6
2016,Skullgirls Encore,Fighting Game,5240.0,19,5
2014,Soul Calibur II HD Online,Fighting Game,0.0,16,2
2017,Soul Calibur II HD Online,Fighting Game,860.0,11,2
2018,Soul Calibur II HD Online,Fighting Game,85.41,4,1
2014,Ultra Street Fighter IV,Fighting Game,162631.79,192,79
2015,Ultra Street Fighter IV,Fighting Game,642578.64,340,123
2016,Ultra Street Fighter IV,Fighting Game,8546.61,55,15
2017,Ultra Street Fighter IV,Fighting Game,530.0,6,2
2018,Ultra Street Fighter IV,Fighting Game,680.81,10,3
2019,Ultra Street Fighter IV,Fighting Game,1705.61,15,5
2014,Virtua Fighter 5 Final Showdown,Fighting Game,0,16,2
2015,Virtua Fighter 5 Final Showdown,Fighting Game,145.23,3,1
2016,Virtua Fighter 5 Final Showdown,Fighting Game,268.54,7,2
2019,Virtua Fighter 5 Final Showdown,Fighting Game,160,4,1
2014,Pro Evolution Soccer 2014,Sports,29410.25,4,1
2014,Halo 2 Anniversary,First-Person Shooter,90037.6,87,7
2015,Halo 2 Anniversary,First-Person Shooter,378667.45,212,13
2014,Under Night In-Birth EXE: Late,Fighting Game,320.0,21,6
2015,Under Night In-Birth EXE: Late,Fighting Game,1695.76,40,8
2016,Under Night In-Birth EXE: Late,Fighting Game,3050.0,26,7
2017,Under Night In-Birth EXE: Late,Fighting Game,960.0,7,2
2014,FIFA 15,Sports,14808.9,55,55
2015,FIFA 15,Sports,129565.09,314,297
2014,rFactor 2,Racing,3545.13,30,1
2015,rFactor 2,Racing,4135.99,34,1
2016,rFactor 2,Racing,4723.91,30,1
2017,rFactor 2,Racing,1004694.66,60,2
2018,rFactor 2,Racing,4965.26,31,3
2019,rFactor 2,Racing,89220.15,146,18
2014,Chess.com,Strategy,2999.99,18,3
2015,Chess.com,Strategy,20859.98,121,16
2016,Chess.com,Strategy,23859.98,141,22
2017,Chess.com,Strategy,22704.95,107,17
2018,Chess.com,Strategy,120424.01,116,14
2019,Chess.com,Strategy,99858.11,193,22
2014,Xonotic,First-Person Shooter,315.73,20,1
2016,Xonotic,First-Person Shooter,1283.15,82,3
2017,Xonotic,First-Person Shooter,249.81,36,3
2018,Xonotic,First-Person Shooter,277.75,57,3
2019,Xonotic,First-Person Shooter,22.82,20,2
2014,Super Smash Bros. for Wii U,Fighting Game,9521.65,73,17
2015,Super Smash Bros. for Wii U,Fighting Game,274699.63,1066,293
2016,Super Smash Bros. for Wii U,Fighting Game,429999.07,1267,283
2017,Super Smash Bros. for Wii U,Fighting Game,515416.43,1049,247
2018,Super Smash Bros. for Wii U,Fighting Game,276009.69,753,179
2019,Super Smash Bros. for Wii U,Fighting Game,5840,12,2
2014,Persona 4 Arena Ultimax,Fighting Game,0,8,1
2015,Persona 4 Arena Ultimax,Fighting Game,16528.16,50,10
2016,Persona 4 Arena Ultimax,Fighting Game,1250.0,12,4
2017,Persona 4 Arena Ultimax,Fighting Game,490.0,6,2
2019,Persona 4 Arena Ultimax,Fighting Game,560.0,6,2
2014,Call of Duty: Advanced Warfare,First-Person Shooter,126947.81,180,40
2015,Call of Duty: Advanced Warfare,First-Person Shooter,2481861.12,1844,364
2014,Guild Wars 2,Role-Playing Game,60075.36,74,19
2015,Guild Wars 2,Role-Playing Game,115930.14,61,34
2016,Guild Wars 2,Role-Playing Game,300000.0,142,4
2014,Heroes of the Storm,Multiplayer Online Battle Arena,14257.5,47,19
2015,Heroes of the Storm,Multiplayer Online Battle Arena,2470686.83,1970,286
2016,Heroes of the Storm,Multiplayer Online Battle Arena,4663149.1,1252,63
2017,Heroes of the Storm,Multiplayer Online Battle Arena,5444449.54,1119,41
2018,Heroes of the Storm,Multiplayer Online Battle Arena,5277279.76,964,34
2019,Heroes of the Storm,Multiplayer Online Battle Arena,301414.92,274,16
2014,Just Dance 2014,Sports,0,3,1
2015,Guilty Gear Xrd -SIGN-,Fighting Game,30335.66,106,28
2016,Guilty Gear Xrd -SIGN-,Fighting Game,7110.0,28,9
2015,Dead or Alive 5: Last Round,Fighting Game,3709.24,36,7
2016,Dead or Alive 5: Last Round,Fighting Game,1934.58,16,5
2017,Dead or Alive 5: Last Round,Fighting Game,2280.0,18,6
2018,Dead or Alive 5: Last Round,Fighting Game,240,3,1
2015,NHL 15,Sports,3157.16,3,3
2015,Evolve,First-Person Shooter,131509.05,209,33
2015,FIFA Online 3,Sports,20124,8,1
2016,FIFA Online 3,Sports,835082.4,42,3
2017,FIFA Online 3,Sports,342023.0,46,2
2018,FIFA Online 3,Sports,237112.5,36,1
2015,Mortal Kombat X,Fighting Game,232922.43,116,40
2016,Mortal Kombat X,Fighting Game,290129.99,63,21
2019,Mortal Kombat X,Fighting Game,480,3,1
2015,Battlefield Hardline,First-Person Shooter,13463.28,20,1
2015,Legend of Glory,Multiplayer Online Battle Arena,472.66,0,1
2015,Reflex,First-Person Shooter,1962.0,10,3
2016,Reflex,First-Person Shooter,32.74,1,1
2018,Reflex,First-Person Shooter,163.66,12,3
2015,Pro Evolution Soccer 2015,Sports,26544.76,3,1
2015,BlazBlue: Chronophantasma Extend,Fighting Game,944.21,15,5
2016,BlazBlue: Chronophantasma Extend,Fighting Game,3974.56,18,6
2015,Tekken 7,Fighting Game,97214.27,17,3
2016,Tekken 7,Fighting Game,78599.54,86,16
2017,Tekken 7,Fighting Game,325936.1,198,37
2018,Tekken 7,Fighting Game,339255.91,251,57
2019,Tekken 7,Fighting Game,765788.51,450,96
2015,Brawlhalla,Fighting Game,3710.0,82,13
2016,Brawlhalla,Fighting Game,78931.09,295,68
2017,Brawlhalla,Fighting Game,168167.7,386,60
2018,Brawlhalla,Fighting Game,293604.7,646,98
2019,Brawlhalla,Fighting Game,523239.0,710,125
2015,Vainglory,Multiplayer Online Battle Arena,193392.54,96,4
2016,Vainglory,Multiplayer Online Battle Arena,424628.65,268,21
2017,Vainglory,Multiplayer Online Battle Arena,179400.0,150,10
2015,Halo 5: Guardians,First-Person Shooter,28490.94,44,7
2016,Halo 5: Guardians,First-Person Shooter,3411240.03,402,36
2017,Halo 5: Guardians,First-Person Shooter,1748000.0,375,14
2018,Halo 5: Guardians,First-Person Shooter,1873750.0,274,18
2015,Rocket League,Sports,23976.56,164,79
2016,Rocket League,Sports,429727.73,811,307
2017,Rocket League,Sports,1506270.87,1215,343
2018,Rocket League,Sports,2345691.44,1016,130
2019,Rocket League,Sports,3040969.48,946,125
2015,Splatoon,First-Person Shooter,770.0,3,2
2016,Splatoon,First-Person Shooter,620,0,1
2015,H1Z1,Battle Royale,173328,20,2
2016,H1Z1,Battle Royale,267244,18,2
2017,H1Z1,Battle Royale,1251550.0,123,8
2018,H1Z1,Battle Royale,75000,20,1
2015,NHL '94,Sports,2691.2,16,2
2016,NHL '94,Sports,806.16,8,3
2017,NHL '94,Sports,321.2,7,3
2015,Grey Goo,Strategy,6000.0,12,3
2016,Grey Goo,Strategy,30400,16,2
2015,FIFA 16,Sports,22133.61,32,10
2016,FIFA 16,Sports,95694.5,80,18
2015,Shards of War,Multiplayer Online Battle Arena,1029.21,20,1
2015,Rising Thunder,Fighting Game,1000,3,1
2015,Tetris,Puzzle Game,1000,4,1
2016,Tetris,Puzzle Game,1500,2,1
2017,Tetris,Puzzle Game,1500,2,1
2018,Tetris,Puzzle Game,1500,2,1
2019,Tetris,Puzzle Game,10000,16,1
2015,Project Cars,Racing,2190.0,22,39
2016,Project Cars,Racing,33455.0,46,49
2017,Project Cars,Racing,32263.21,37,25
2015,Nitroplus Blasterz: Heroines Infinite Duel,Fighting Game,464,3,1
2016,Nitroplus Blasterz: Heroines Infinite Duel,Fighting Game,1380.0,6,2
2019,Nitroplus Blasterz: Heroines Infinite Duel,Fighting Game,150,3,1
2015,Dengeki Bunko: Fighting Climax,Fighting Game,60,3,1
2015,Blade & Soul,Role-Playing Game,103401.12,16,1
2016,Blade & Soul,Role-Playing Game,156182.4,28,2
2017,Blade & Soul,Role-Playing Game,149772,24,1
2015,Call of Duty: Black Ops III,First-Person Shooter,77597.45,166,23
2016,Call of Duty: Black Ops III,First-Person Shooter,3862185.84,993,55
2015,Overwatch,First-Person Shooter,3320.0,61,10
2016,Overwatch,First-Person Shooter,1996942.76,2347,261
2017,Overwatch,First-Person Shooter,3488230.1,3534,284
2018,Overwatch,First-Person Shooter,6615791.65,3105,120
2019,Overwatch,First-Person Shooter,9608186.77,2489,59
2015,Unreal Tournament (2016),First-Person Shooter,314.63,9,2
2016,Unreal Tournament (2016),First-Person Shooter,1071.42,18,3
2015,osu!,Strategy,5000,239,1
2016,osu!,Strategy,6220.0,414,2
2017,osu!,Strategy,7560.0,522,3
2018,osu!,Strategy,4320,255,1
2016,Gears of War: Ultimate Edition,Third-Person Shooter,170000.0,72,3
2016,Metal Gear Online,First-Person Shooter,8000.0,47,8
2016,Rainbow Six Siege,First-Person Shooter,295680.03,150,22
2017,Rainbow Six Siege,First-Person Shooter,863557.28,482,23
2018,Rainbow Six Siege,First-Person Shooter,2005274.27,1361,68
2019,Rainbow Six Siege,First-Person Shooter,5018249.86,2017,89
2016,Street Fighter V,Fighting Game,869956.88,254,61
2017,Street Fighter V,Fighting Game,1317769.55,358,58
2019,Street Fighter V,Fighting Game,15000,8,1
2016,Old School Runescape,Role-Playing Game,40000.0,4,4
2017,Old School Runescape,Role-Playing Game,122000.0,39,8
2018,Old School Runescape,Role-Playing Game,156500.0,24,5
2019,Old School Runescape,Role-Playing Game,97000.0,8,4
2016,Pokkn Tournament,Fighting Game,40381.66,42,10
2017,Pokkn Tournament,Fighting Game,36635.0,56,15
2016,Clash Royale,Strategy,228859.56,36,7
2017,Clash Royale,Strategy,876496.34,99,10
2018,Clash Royale,Strategy,986262.37,199,19
2019,Clash Royale,Strategy,1047130.0,175,10
2016,Naruto Shippuden: Ultimate Ninja Storm 4,Fighting Game,2000.0,0,2
2019,Naruto Shippuden: Ultimate Ninja Storm 4,Fighting Game,2550.0,8,3
2016,Trackmania Turbo,Racing,566.91,3,1
2016,Rivals of Aether,Fighting Game,500.0,2,2
2017,Rivals of Aether,Fighting Game,14100.0,14,3
2019,Rivals of Aether,Fighting Game,3435.0,18,5
2016,Guilty Gear Xrd -REVELATOR-,Fighting Game,28899.49,64,11
2017,Guilty Gear Xrd -REVELATOR-,Fighting Game,7537.94,31,8
2016,Pro Evolution Soccer 2016,Sports,27243.84,18,6
2016,Vampire Savior,Fighting Game,918.74,9,3
2017,Vampire Savior,Fighting Game,1830.0,14,3
2018,Vampire Savior,Fighting Game,2170.0,17,4
2019,Vampire Savior,Fighting Game,2600.0,17,4
2016,King of Fighters 2002 Unlimited Match,Fighting Game,380,3,1
2016,Dengeki Bunko: Fighting Climax Ignition,Fighting Game,662.3,11,2
2017,Dengeki Bunko: Fighting Climax Ignition,Fighting Game,390.0,6,2
2018,Dengeki Bunko: Fighting Climax Ignition,Fighting Game,300,8,1
2019,Dengeki Bunko: Fighting Climax Ignition,Fighting Game,1315.0,14,3
2016,Paladins,First-Person Shooter,104000.0,26,2
2017,Paladins,First-Person Shooter,407826.63,527,28
2018,Paladins,First-Person Shooter,899100.0,623,22
2019,Paladins,First-Person Shooter,550000.0,155,6
2016,Madden NFL 2016,Sports,50000,8,1
2016,Mortal Kombat XL,Fighting Game,100941.39,35,7
2017,Mortal Kombat XL,Fighting Game,24002.4,30,7
2018,Mortal Kombat XL,Fighting Game,4120.0,11,2
2019,Mortal Kombat XL,Fighting Game,140,2,1
2016,Uncharted 4: A Thief's End,First-Person Shooter,46235.07,5,1
2016,King of Fighters XIV,Fighting Game,5318.49,21,4
2017,King of Fighters XIV,Fighting Game,23568.67,67,15
2018,King of Fighters XIV,Fighting Game,10469.23,23,6
2019,King of Fighters XIV,Fighting Game,32275.7,42,9
2016,Battlerite,Multiplayer Online Battle Arena,12881.74,85,38
2017,Battlerite,Multiplayer Online Battle Arena,23541.71,107,35
2018,Battlerite,Multiplayer Online Battle Arena,28750.0,33,2
2016,Gears of War 4,Third-Person Shooter,501285.0,150,16
2017,Gears of War 4,Third-Person Shooter,1064000.0,316,16
2018,Gears of War 4,Third-Person Shooter,1022000.0,234,7
2019,Gears of War 4,Third-Person Shooter,500000.0,75,2
2016,FIFA 17,Sports,30305.99,41,4
2017,FIFA 17,Sports,1452306.64,189,44
2016,BlazBlue: Central Fiction,Fighting Game,2836.51,11,2
2017,BlazBlue: Central Fiction,Fighting Game,27870.0,73,15
2018,BlazBlue: Central Fiction,Fighting Game,7523.06,45,8
2019,BlazBlue: Central Fiction,Fighting Game,39752.85,50,8
2016,Pro Evolution Soccer 2017,Sports,4697.71,34,11
2017,Pro Evolution Soccer 2017,Sports,510000.0,19,5
2016,Skullgirls 2nd Encore,Fighting Game,1700,8,1
2017,Skullgirls 2nd Encore,Fighting Game,5780.0,24,3
2018,Skullgirls 2nd Encore,Fighting Game,2801.0,14,3
2019,Skullgirls 2nd Encore,Fighting Game,6110.0,14,3
2016,Melty Blood: Actress Again Current Code,Fighting Game,700,8,1
2017,Melty Blood: Actress Again Current Code,Fighting Game,810.0,11,2
2018,Melty Blood: Actress Again Current Code,Fighting Game,1430.0,14,3
2019,Melty Blood: Actress Again Current Code,Fighting Game,2475.0,22,4
2016,Catherine,Puzzle Game,270,3,1
2017,Catherine,Puzzle Game,570.0,6,2
2018,Catherine,Puzzle Game,450.0,6,2
2019,Catherine,Puzzle Game,180,3,1
2016,Koihime Enbu,Fighting Game,250,3,1
2017,Koihime Enbu,Fighting Game,190,3,1
2018,Koihime Enbu,Fighting Game,590,3,1
2019,Koihime Enbu,Fighting Game,585.0,6,2
2016,Arcana Heart 3: LOVE MAX!!!!!,Fighting Game,210,3,1
2017,Arcana Heart 3: LOVE MAX!!!!!,Fighting Game,200,3,1
2016,Aquapazza: Aquaplus Dream Match,Fighting Game,160,3,1
2019,Aquapazza: Aquaplus Dream Match,Fighting Game,85,3,1
2016,Forza Motorsport 6,Racing,39850.0,46,7
2017,Forza Motorsport 6,Racing,26500.0,13,2
2016,MechWarrior Online,First-Person Shooter,143490,0,1
2016,Call of Duty: Infinite Warfare,First-Person Shooter,125020.99,56,4
2017,Call of Duty: Infinite Warfare,First-Person Shooter,4031184.07,905,76
2016,Madden NFL 2017,Sports,1.00E+05,16,1
2017,Madden NFL 2017,Sports,904000.0,66,4
2016,MOBA Legends,Multiplayer Online Battle Arena,225,3,1
2017,Mad Skills Motocross 2,Racing,20163,12,1
2017,ComPet,Strategy,2000,50,1
2017,Mystery Game Tournament,Fighting Game,2480.0,16,2
2018,Mystery Game Tournament,Fighting Game,2560.0,16,2
2019,Mystery Game Tournament,Fighting Game,4035.0,27,3
2017,Tetris Ultimate,Puzzle Game,221,3,1
2017,Critical Ops,First-Person Shooter,10106.41,4,2
2018,Critical Ops,First-Person Shooter,2500,0,1
2017,Yu-Gi-Oh! Duel Links,Collectible Card Game,13354.44,173,85
2018,Yu-Gi-Oh! Duel Links,Collectible Card Game,35372.28,379,133
2019,Yu-Gi-Oh! Duel Links,Collectible Card Game,20,1,1
2017,Gwent,Collectible Card Game,302988.98,363,91
2018,Gwent,Collectible Card Game,441568.19,98,15
2019,Gwent,Collectible Card Game,25000,8,1
2017,Injustice 2,Fighting Game,673484.6,105,20
2018,Injustice 2,Fighting Game,160648.23,79,13
2019,Injustice 2,Fighting Game,1610.0,12,4
2017,Guilty Gear Xrd REV 2,Fighting Game,29180.0,49,10
2018,Guilty Gear Xrd REV 2,Fighting Game,22557.64,69,13
2019,Guilty Gear Xrd REV 2,Fighting Game,60443.06,104,22
2017,Quake Champions,First-Person Shooter,1482852.31,296,72
2018,Quake Champions,First-Person Shooter,651250.4,423,154
2019,Quake Champions,First-Person Shooter,72186.51,46,6
2017,Heavy Metal Machines,Multiplayer Online Battle Arena,12339.33,35,1
2017,Hand of the Gods,Collectible Card Game,44400.0,76,34
2018,Hand of the Gods,Collectible Card Game,50000,13,1
2019,Hand of the Gods,Collectible Card Game,34.2,1,1
2017,Company of Heroes 2,Strategy,3556.22,8,1
2018,Company of Heroes 2,Strategy,4400,8,1
2019,Company of Heroes 2,Strategy,605.0,3,4
2017,ARMS,Fighting Game,3257.1,36,13
2018,ARMS,Fighting Game,13297.14,159,56
2019,ARMS,Fighting Game,1643.85,39,12
2017,PLAYERUNKNOWNS BATTLEGROUNDS,Battle Royale,1007803.6,215,14
2018,PLAYERUNKNOWNS BATTLEGROUNDS,Battle Royale,8319226.32,3008,123
2019,PLAYERUNKNOWNS BATTLEGROUNDS,Battle Royale,11267221.08,2834,112
2017,Pokmon VGC,Strategy,113000.0,94,9
2018,Pokmon VGC,Strategy,98500.0,136,15
2017,Doom (2016),First-Person Shooter,7000,6,1
2017,Rage,First-Person Shooter,5000,3,1
2017,The Elder Scrolls: Legends,Collectible Card Game,5000,3,1
2017,Under Night In-Birth EXE: Late[st],Fighting Game,3790.0,27,7
2018,Under Night In-Birth EXE: Late[st],Fighting Game,7876.27,45,8
2019,Under Night In-Birth EXE: Late[st],Fighting Game,32430.17,95,17
2017,Splatoon 2,First-Person Shooter,3425.0,0,3
2018,Splatoon 2,First-Person Shooter,5360.0,0,3
2017,Marvel vs. Capcom: Infinite,Fighting Game,34120.0,20,5
2018,Marvel vs. Capcom: Infinite,Fighting Game,5952.12,42,9
2019,Marvel vs. Capcom: Infinite,Fighting Game,1920.0,16,4
2017,Pokkn Tournament DX,Fighting Game,6249.0,20,5
2018,Pokkn Tournament DX,Fighting Game,3181.4,22,8
2019,Pokkn Tournament DX,Fighting Game,7908.57,32,9
2017,Gundam Versus,First-Person Shooter,280,6,1
2017,Puyo Puyo Tetris,Puzzle Game,240,3,1
2018,Puyo Puyo Tetris,Puzzle Game,466.67,6,2
2019,Puyo Puyo Tetris,Puzzle Game,911.08,14,4
2017,Chaos Code: New Sign of Catastrophe,Fighting Game,140,3,1
2017,Clash of Clans,Strategy,1576.87,2,1
2019,Clash of Clans,Strategy,764970.0,93,5
2017,Windjammers,Strategy,200.0,6,2
2018,Windjammers,Strategy,665.41,10,3
2019,Windjammers,Strategy,2266.75,15,3
2017,Arena of Valor,Multiplayer Online Battle Arena,716852.0,122,7
2018,Arena of Valor,Multiplayer Online Battle Arena,5190956.76,460,21
2019,Arena of Valor,Multiplayer Online Battle Arena,7821265.46,421,19
2017,Call of Duty: World War II,First-Person Shooter,271354.31,100,23
2018,Call of Duty: World War II,First-Person Shooter,4287916.69,542,41
2017,World of Tanks Blitz,Strategy,30000,14,1
2018,World of Tanks Blitz,Strategy,33330.0,0,5
2017,FIFA 18,Sports,44545.55,31,8
2018,FIFA 18,Sports,2189152.14,367,39
2017,Madden NFL 2018,Sports,20676.62,9,2
2018,Madden NFL 2018,Sports,259000,32,1
2017,Shadowverse,Collectible Card Game,120000,24,1
2018,Shadowverse,Collectible Card Game,1310000,24,1
2019,Shadowverse,Collectible Card Game,1761477.09,296,35
2017,Power Rangers: Legacy Wars,Fighting Game,4178.55,2,1
2017,Lichess,Strategy,1100,8,2
2018,Lichess,Strategy,15325.0,46,10
2019,Lichess,Strategy,13600.0,85,23
2018,Street Fighter V: Arcade Edition,Fighting Game,1155685.67,315,49
2019,Street Fighter V: Arcade Edition,Fighting Game,841164.16,284,48
2018,Arcana Heart 3: Love Max Six Stars!!!!!,Fighting Game,410.0,6,2
2019,Arcana Heart 3: Love Max Six Stars!!!!!,Fighting Game,110,3,1
2018,Fortnite,Battle Royale,19880337.0,2345,176
2019,Fortnite,Battle Royale,71310029.0,6818,389
2018,NHL 18,Sports,102700.0,28,6
2018,Faeria,Collectible Card Game,4100.0,15,5
2018,Dragon Ball FighterZ,Fighting Game,132741.37,142,30
2019,Dragon Ball FighterZ,Fighting Game,123187.27,203,40
2018,Warsow,First-Person Shooter,183,2,1
2018,Zula,First-Person Shooter,1.00E+05,20,1
2018,Project Cars 2,Racing,33750.0,12,2
2019,Project Cars 2,Racing,32400.0,54,20
2018,Battalion 1944,First-Person Shooter,78576.62,70,7
2019,Battalion 1944,First-Person Shooter,107078.05,114,14
2018,Radical Heights,Battle Royale,120000,12,2
2018,NBA 2K18,Sports,1000000.0,180,4
2018,RaceRoom Racing Experience,Racing,27768.7,91,5
2019,RaceRoom Racing Experience,Racing,53160.0,76,8
2018,Sailor Moon S,Fighting Game,1646.06,14,4
2019,Sailor Moon S,Fighting Game,1235.13,14,5
2018,Garou: Mark of the Wolves,Fighting Game,108.71,4,1
2019,Garou: Mark of the Wolves,Fighting Game,225,3,1
2018,Samurai Shodown V Special,Fighting Game,108.71,4,1
2019,Samurai Shodown V Special,Fighting Game,251.4,6,2
2018,Forza Motorsport 7,Racing,255000.0,53,4
2019,Forza Motorsport 7,Racing,346200.0,77,5
2018,Warface,First-Person Shooter,109555.0,35,2
2018,Pro Evolution Soccer 2018,Sports,250000.0,21,3
2018,Realm Royale,First-Person Shooter,263000.0,57,9
2018,Guns of Boom,First-Person Shooter,133950.0,16,11
2019,Guns of Boom,First-Person Shooter,64800.0,16,7
2018,BlazBlue: Cross Tag Battle,Fighting Game,19143.33,39,8
2019,BlazBlue: Cross Tag Battle,Fighting Game,62136.7,120,22
2018,Gran Turismo Sport,Racing,10080,10,1
2019,Gran Turismo Sport,Racing,14100.0,19,3
2018,Fighting EX Layer,Fighting Game,1260.0,11,4
2019,Fighting EX Layer,Fighting Game,372.96,6,2
2018,Soul Calibur VI,Fighting Game,9891.0,24,6
2019,Soul Calibur VI,Fighting Game,83854.21,135,29
2018,SNK Heroines: Tag Team Frenzy,Fighting Game,430,3,1
2018,Call of Duty: Black Ops 4,First-Person Shooter,321249.95,186,36
2019,Call of Duty: Black Ops 4,First-Person Shooter,6383189.0,819,31
2018,Call of Duty: Blackout,First-Person Shooter,315000.0,41,6
2019,Call of Duty: Blackout,First-Person Shooter,296608.35,203,12
2018,PLAYERUNKNOWNS BATTLEGROUNDS Mobile,Battle Royale,617069.08,140,6
2019,PLAYERUNKNOWNS BATTLEGROUNDS Mobile,Battle Royale,3031637.99,1248,23
2018,FIFA 19,Sports,551731.35,149,19
2019,FIFA 19,Sports,2690910.99,502,29
2018,Assetto Corsa,Racing,15000,8,1
2019,Assetto Corsa,Racing,110003.3,66,21
2018,NHL 19,Sports,2866.67,5,2
2019,NHL 19,Sports,19700.0,8,6
2018,Black Squad,First-Person Shooter,4470.29,81,15
2019,Black Squad,First-Person Shooter,4010.43,20,2
2018,Street Fighter EX2 Plus,Fighting Game,160,3,1
2019,Street Fighter EX2 Plus,Fighting Game,190,3,1
2018,Artifact,Collectible Card Game,48666.35,95,29
2019,Artifact,Collectible Card Game,69272.34,295,117
2018,FIFA Online 4,Sports,240000,37,1
2019,FIFA Online 4,Sports,437000.0,72,2
2018,F1 2018,Racing,2.00E+05,21,1
2018,Creative Destruction,Multiplayer Online Battle Arena,1.00E+05,8,1
2018,Super Smash Bros. Ultimate,Fighting Game,74587.45,271,63
2019,Super Smash Bros. Ultimate,Fighting Game,1042387.83,3595,961
2018,Madden NFL 19,Sports,25000,1,1
2019,Madden NFL 19,Sports,100000.0,5,2
2018,Magic: The Gathering Arena,Collectible Card Game,10000,16,1
2019,Magic: The Gathering Arena,Collectible Card Game,4402000.0,449,33
2018,Minecraft,Multiplayer Online Battle Arena,4839.15,10,3
2019,Minecraft,Multiplayer Online Battle Arena,80000.0,15,8
2018,Mario Kart 8 Deluxe,Racing,220,4,1
2019,Mario Kart 8 Deluxe,Racing,229.44,3,1
2018,Super Mario Party,Strategy,220,4,1
2018,Lethal League Blaze,Fighting Game,11.4,1,1
2019,Lethal League Blaze,Fighting Game,1861.5,18,5
2019,Mario Tennis Aces,Sports,51.3,3,1
2019,Apex Legends,Battle Royale,2861382.64,1168,80
2019,Stardew Valley,Role-Playing Game,54250.0,68,2
2019,Dead or Alive 6,Fighting Game,72006.54,95,17
2019,Auto Chess,Strategy,1076322.28,81,6
2019,The Division 2,Third-Person Shooter,27250,40,2
2019,Free Fire,Battle Royale,707613.12,184,9
2019,Sekiro: Shadows Die Twice,Fighting Game,19596,20,1
2019,Mortal Kombat 11,Fighting Game,291622.33,254,35
2019,Multigaming,Strategy,148384.33,24,3
2019,Splitgate: Arena Warfare,Multiplayer Online Battle Arena,50000,64,2
2019,Puyo Puyo Champions,Puzzle Game,2071.8,10,3
2019,Warparty,Strategy,1000,4,1
2019,King of Fighters 98,Fighting Game,7945.57,7,3
2019,Teenage Mutant Ninja Turtles: Tournament Fighters,Fighting Game,820.0,7,2
2019,Pro Evolution Soccer 2019,Sports,216000,25,2
2019,Brawl Stars,Strategy,38700.0,46,9
2019,Mordhau,Fighting Game,16623.0,40,3
2019,Samurai Shodown (2019),Fighting Game,64149.91,63,13
2019,Dota Underlords,Strategy,22635.68,67,29
2019,Teamfight Tactics,Strategy,449284.65,162,11
2019,Power Rangers: Battle for the Grid,Fighting Game,1050.0,6,2
2019,Ring of Elysium,Battle Royale,70000.0,21,4
2019,Gears 5,Third-Person Shooter,560000.0,132,6
2019,Farming Simulator 19,Strategy,106133.1,153,8
2019,Asphalt 9: Legends,Racing,51520.0,7,2
2019,Million Arthur: Arcana Blood,Fighting Game,7420.0,6,2
2019,FIFA 20,Sports,476372.64,148,21
2019,Kill la Kill the Game: IF,Fighting Game,700.0,6,2
2019,Ultra Fight Da! Kyanta 2,Fighting Game,320,3,1
2019,Fighter's History Dynamite,Fighting Game,195,3,1
2019,Catherine: Full Body,Puzzle Game,185,3,1
2019,Project Justice,Fighting Game,165,3,1
2019,Hokuto no Ken,Fighting Game,145,3,1
2019,Umineko: Golden Fantasia,Fighting Game,90,3,1
2019,Guilty Gear,Fighting Game,32,3,1
2019,Borderlands 3,First-Person Shooter,50000,16,1
2019,Acceleration of SUGURI 2,Fighting Game,210,3,1
2019,Them's Fightin' Herds,Fighting Game,190,3,1
2019,Big Buck Hunter Arcade,First-Person Shooter,76200,3,1
2019,WWE 2K20,Fighting Game,50000,20,2
2019,Dead By Daylight,Strategy,15000,15,3
2019,Call of Duty: Modern Warfare,First-Person Shooter,348612.5,88,10
2019,F1 2019,Racing,5.00E+05,22,1
2019,TEPPEN,Strategy,456721.47,12,1
2019,GRID (2019),Racing,218.75,3,1
2019,Shovel Knight Showdown,Fighting Game,60,3,1
